{
  "ate_summary": {
    "OMS": {
      "ate": -0.08434673920928587,
      "ci_lower": -0.14486799303947717,
      "ci_upper": -0.023825485379094576,
      "significant": true
    },
    "LCD": {
      "ate": -0.35389782745559195,
      "ci_lower": -0.8584915188197073,
      "ci_upper": 0.1506958639085233,
      "significant": false
    },
    "PLD": {
      "ate": 0.009372099658474313,
      "ci_lower": -0.06019020080616862,
      "ci_upper": 0.07893440012311723,
      "significant": false
    },
    "ASA": {
      "ate": -0.08616817165155514,
      "ci_lower": -0.17403218879884252,
      "ci_upper": 0.0016958454957322344,
      "significant": false
    },
    "AV_VF": {
      "ate": 0.1615098216197502,
      "ci_lower": 0.03235115989475157,
      "ci_upper": 0.2906684833447488,
      "significant": true
    },
    "AV_cm3g": {
      "ate": -0.09417810837608392,
      "ci_lower": -0.17789407422321146,
      "ci_upper": -0.010462142528956414,
      "significant": true
    },
    "lig1_length": {
      "ate": -0.0006036124929864202,
      "ci_lower": -0.007758293592132219,
      "ci_upper": 0.006551068606159378,
      "significant": false
    },
    "n_h2o": {
      "ate": -0.6115890900155845,
      "ci_lower": -0.633715498353078,
      "ci_upper": -0.589462681678091,
      "significant": true
    },
    "n_co2": {
      "ate": -0.4030879501074208,
      "ci_lower": -0.43336219685216093,
      "ci_upper": -0.3728137033626807,
      "significant": true
    }
  },
  "oms_cate_by_metal": {
    "Cd": {
      "ate": -0.6902281209685985,
      "ci_lower": -1.6880212997782327,
      "ci_upper": 0.3075650578410354,
      "significant": false
    },
    "Co": {
      "ate": -5.134493831593857,
      "ci_lower": -10.764273278041204,
      "ci_upper": 0.495285614853489,
      "significant": false
    },
    "Cu": {
      "ate": -1.0276505117964374,
      "ci_lower": -2.0206339171917818,
      "ci_upper": -0.03466710640109327,
      "significant": true
    },
    "Fe": {
      "ate": 397.7862909634223,
      "ci_lower": -2215.526339090871,
      "ci_upper": 3011.098921017715,
      "significant": false
    },
    "La": {
      "ate": 1299.1754717897065,
      "ci_lower": -8215.403373386347,
      "ci_upper": 10813.754316965758,
      "significant": false
    },
    "Mn": {
      "ate": 0.15751449635845852,
      "ci_lower": -3.002190149836826,
      "ci_upper": 3.317219142553743,
      "significant": false
    },
    "Ni": {
      "ate": 0.4781990323700481,
      "ci_lower": 0.2725516541591939,
      "ci_upper": 0.6838464105809023,
      "significant": true
    },
    "Other": {
      "ate": -0.08497228884202222,
      "ci_lower": -0.30232470974990366,
      "ci_upper": 0.1323801320658592,
      "significant": false
    },
    "Zn": {
      "ate": 0.1789569126926744,
      "ci_lower": -0.1557408684659454,
      "ci_upper": 0.5136546938512941,
      "significant": false
    }
  },
  "oms_cate_by_condition": {
    "h2o=0_co2=1": {
      "ate": -0.00526575217362155,
      "ci_lower": -0.08148897104558439,
      "ci_upper": 0.07095746669834128,
      "significant": false
    },
    "h2o=1_co2=0": {
      "ate": -0.1360416987090565,
      "ci_lower": -0.20065328110747233,
      "ci_upper": -0.0714301163106407,
      "significant": true
    },
    "h2o=1_co2=1": {
      "ate": -0.06850360494924239,
      "ci_lower": -0.17192375140415395,
      "ci_upper": 0.03491654150566914,
      "significant": false
    },
    "h2o=2_co2=1": {
      "ate": -0.013435223890588262,
      "ci_lower": -0.16795688766781675,
      "ci_upper": 0.14108643988664019,
      "significant": false
    }
  }
}